"","X","YYYY.MM.DD","HH.mm.SS.ss","ET","MAG","M","LAT","LON","DEPTH","Q","EVID","NPH","NGRM"
"73",72,"1938/04/12","16:24:33.21","le",4.81,"l",32.56,-115.047,6,"D",3364581,9,0
"77",76,"1938/04/13","19:29:44.57","le",4.84,"l",32.48,-115.272,6,"C",3364585,9,0
"94",93,"1938/04/28","06:07:26.45","le",4.68,"l",32.6,-118.2,6,"D",3364603,12,0
"114",113,"1938/05/31","08:34:55.42","le",5.23,"l",33.699,-117.511,10.2,"C",3364626,11,0
"128",127,"1938/06/06","02:42:41.93","le",4.92,"l",32.273,-115.191,6,"C",3364641,11,0
"209",208,"1938/08/18","07:39:44.47","le",4.54,"l",34.818,-116.047,6,"D",3364732,17,0
"225",224,"1938/09/17","14:23:05.36","le",4.75,"l",35.622,-117.659,6,"C",3364749,23,0
"242",241,"1938/09/27","12:23:46.40","re",4.9,"l",36.357,-121.212,6,"D",3364767,15,0
"303",13,"1939/01/07","20:21:49.32","le",4.75,"l",35.952,-117.584,6,"C",3364850,18,0
"349",59,"1939/02/23","09:18:46.75","le",4.63,"l",34.902,-119.012,6,"C",3364903,18,0
"411",121,"1939/05/01","23:53:09.38","le",4.99,"l",32.026,-117.684,6,"D",3364975,14,0
"412",122,"1939/05/01","23:57:56.09","le",4.52,"l",32.225,-116.508,6,"D",3364976,13,0
"450",160,"1939/06/24","16:27:29.38","le",5.25,"l",32.062,-117.516,6,"D",3365037,14,0
"562",272,"1939/12/27","19:28:48.59","le",4.51,"l",33.744,-118.328,6,"C",3365178,13,0
"565",275,"1939/12/28","12:15:32.15","re",5.17,"l",35.953,-120.973,6,"D",3365181,11,0
"613",42,"1940/02/28","17:28:06.82","le",4.55,"l",33.15,-115.983,6,"C",3365234,12,0
"645",74,"1940/05/18","05:03:59.66","le",5.31,"l",34.089,-116.282,6,"C",3365269,10,0
"646",75,"1940/05/18","05:51:21.94","le",5.2,"l",34.037,-116.306,6,"C",3365270,7,0
"647",76,"1940/05/18","06:04:31.79","le",4.52,"l",34.042,-116.262,6,"C",3365271,7,0
"648",77,"1940/05/18","07:21:34.47","le",4.96,"l",34.026,-116.314,6,"C",3365272,7,0
"655",84,"1940/05/19","04:36:40.50","le",6.9,"w",32.844,-115.381,6,"D",3365279,10,0
"656",85,"1940/05/19","04:48:49.30","le",4.71,"l",32.833,-115.5,6,"C",3365280,2,0
"657",86,"1940/05/19","04:54:56.18","le",5.15,"l",32.833,-115.5,6,"C",3365281,4,0
"659",88,"1940/05/19","05:44:37.23","le",4.91,"l",32.833,-115.5,6,"C",3365283,5,0
"661",90,"1940/05/19","05:51:38.13","le",5.41,"l",32.855,-115.5,6,"C",3365285,4,0
"662",91,"1940/05/19","05:57:19.36","le",4.71,"l",32.833,-115.5,6,"C",3365286,4,0
"663",92,"1940/05/19","06:17:45.85","le",4.71,"l",32.833,-115.5,6,"C",3365287,2,0
"664",93,"1940/05/19","06:33:21.40","le",5.18,"l",32.833,-115.5,6,"C",3365288,6,0
"665",94,"1940/05/19","06:35:33.45","le",5.18,"l",32.833,-115.5,6,"C",3365289,2,0
"697",126,"1940/06/01","05:27:01.92","le",4.56,"l",34.105,-116.272,6,"C",3365321,10,0
"704",133,"1940/06/01","23:59:28.00","le",4.68,"l",32.5,-115,6,"D",3365328,7,0
"706",135,"1940/06/04","10:35:08.12","le",5.03,"l",32.966,-116.315,6,"D",3365330,8,0
"828",257,"1940/10/11","05:57:13.51","le",4.7,"l",33.778,-118.472,6,"C",3365468,12,0
"978",102,"1941/07/01","07:50:56.96","le",5.47,"l",34.329,-119.564,9.6,"D",3365643,8,0
"1003",127,"1941/07/01","23:53:42.37","le",4.54,"l",34.254,-119.664,9.7,"D",3365668,10,0
"1018",142,"1941/07/12","16:18:53.04","le",4.68,"l",34.173,-119.591,6,"C",3365685,12,0
"1074",198,"1941/09/21","19:53:08.83","le",5.1,"l",34.838,-118.933,6,"C",3365754,11,0
"1093",217,"1941/10/22","06:57:18.96","le",4.69,"l",33.811,-118.301,0.2,"C",3365787,8,0
"1099",223,"1941/11/14","08:41:37.65","le",5.12,"l",33.791,-118.264,6,"C",3365807,10,0
"1123",247,"1941/12/24","07:30:08.65","le",4.59,"l",32.37,-115.962,6,"C",3365838,8,0
"1154",30,"1942/02/01","15:18:28.79","le",4.6,"l",34.419,-116.813,6,"C",3365890,13,0
"1175",51,"1942/03/03","01:03:25.85","le",4.82,"l",34.001,-115.847,6,"C",3365922,12,0
"1230",106,"1942/05/23","15:47:33.78","le",4.87,"l",32.995,-116.25,6,"C",3365989,13,0
"1273",149,"1942/08/07","01:15:34.48","le",4.62,"l",34.248,-116.37,6,"C",3366044,15,0
"1291",167,"1942/09/04","06:34:32.97","le",4.53,"l",34.664,-118.983,20,"C",3366068,12,0
"1316",192,"1942/10/21","16:22:11.98","le",6.6,"w",32.975,-115.785,6,"C",3366099,17,0
"1317",193,"1942/10/21","16:25:16.23","le",4.61,"l",32.953,-115.675,6,"C",3366100,5,0
"1324",200,"1942/10/22","01:50:37.08","le",5.63,"l",33.266,-115.572,6,"C",3366107,17,0
"1330",206,"1942/10/22","18:13:27.66","le",4.68,"l",32.935,-116.001,6,"C",3366113,10,0
"1458",58,"1943/03/17","00:40:41.12","le",4.6,"l",32.428,-115.27,6,"D",3366263,17,0
"1561",161,"1943/08/29","03:45:14.31","le",5.28,"l",34.268,-116.968,6,"C",3366373,13,0
"1638",238,"1943/12/22","15:50:28.60","le",5.11,"l",34.37,-115.819,6,"C",3366459,19,0
"1715",72,"1944/06/12","10:45:34.68","le",5.06,"l",33.989,-116.731,6,"C",3366543,20,0
"1718",75,"1944/06/12","11:16:35.81","le",5.24,"l",34.002,-116.699,6,"C",3366546,18,0
"1757",114,"1944/07/03","05:38:24.00","le",4.57,"l",35.368,-117.847,6,"C",3366587,20,0
"1862",219,"1944/12/23","08:16:21.37","le",4.55,"l",36.553,-117.44,6,"C",3360996,18,0
"1912",47,"1945/03/20","21:55:08.22","le",4.87,"l",34.238,-116.141,6,"C",3360727,22,0
"1919",54,"1945/04/01","23:43:45.43","le",4.94,"l",34.127,-119.823,0.1,"C",3360909,20,0
"1983",118,"1945/08/15","17:56:18.39","le",5.77,"l",33.082,-115.631,6,"C",3360494,13,0
"2043",2,"1946/01/08","18:54:19.63","le",5.33,"l",33.111,-116.001,6,"D",3360124,14,0
"2077",36,"1946/03/15","13:21:01.91","le",5.43,"l",35.723,-117.941,6,"C",3360172,12,0
"2078",37,"1946/03/15","13:49:37.09","le",6.3,"h",35.702,-117.944,6,"C",3360174,10,0
"2079",38,"1946/03/15","14:00:36.68","le",5.19,"l",35.691,-117.75,6,"C",3360176,11,0
"2082",41,"1946/03/15","19:18:54.84","le",5.43,"l",35.678,-117.82,6,"C",3360181,13,0
"2083",42,"1946/03/15","21:54:35.12","le",5.04,"l",35.697,-118.052,6,"D",3360183,11,0
"2094",53,"1946/03/16","09:46:18.75","le",4.83,"l",35.703,-118.102,0.5,"C",3360191,15,0
"2127",86,"1946/03/18","10:05:55.96","le",4.58,"l",35.75,-117.709,6,"D",3360215,12,0
"2130",89,"1946/03/18","15:49:26.71","le",4.6,"l",35.76,-117.889,6,"C",3360219,11,0
"2131",90,"1946/03/18","15:50:42.81","le",5.24,"l",35.779,-117.778,6,"D",3360225,10,0
"2266",225,"1946/06/04","12:05:26.66","le",4.7,"l",33.986,-115.704,6,"C",3359625,16,0
"2281",240,"1946/06/15","19:46:50.85","le",4.75,"l",32.207,-116.259,31.8,"D",3359639,15,0
"2324",283,"1946/07/18","14:27:57.99","le",5.51,"l",34.502,-115.915,6,"C",3359696,18,0
"2389",348,"1946/09/28","07:19:10.42","le",4.87,"l",33.935,-116.867,12.8,"B",3359589,13,0
"2487",35,"1947/02/06","17:20:41.56","le",4.55,"l",35.66,-117.854,6,"C",3358855,21,0
"2555",103,"1947/04/10","15:58:05.11","le",6.5,"w",34.983,-116.531,6,"C",3358945,12,0
"2556",104,"1947/04/10","16:03:00.33","le",5,"l",35.017,-116.719,6,"C",3358946,11,0
"2572",120,"1947/04/10","17:18:21.06","le",4.8,"l",34.972,-116.429,6,"C",3358953,22,0
"2607",155,"1947/04/11","07:47:08.79","le",4.99,"l",34.959,-116.526,6,"C",3358974,33,0
"2653",201,"1947/04/19","02:29:09.05","le",4.51,"l",34.958,-116.562,6,"C",3358384,27,0
"2719",267,"1947/05/11","05:06:20.94","le",4.66,"l",34.306,-116.192,6,"C",3358488,22,0
"2818",366,"1947/07/24","22:10:46.82","le",5.3,"l",33.994,-116.481,6,"C",3358693,17,0
"2821",369,"1947/07/24","22:54:28.12","le",4.69,"l",33.91,-116.517,6,"C",3358700,13,0
"2826",374,"1947/07/25","00:46:30.67","le",4.82,"l",34.064,-116.415,6,"C",3358709,18,0
"2839",387,"1947/07/25","06:19:49.50","le",5.24,"l",34.03,-116.406,6,"C",3358256,18,0
"2850",398,"1947/07/26","02:49:42.46","le",4.95,"l",33.987,-116.504,6,"C",3358272,21,0
"3011",559,"1947/11/18","21:59:05.81","le",4.96,"l",33.172,-119.457,6,"C",3358068,33,0
"3111",53,"1948/02/24","08:15:10.48","le",5.2,"l",32.498,-118.585,6,"C",3357743,23,0
"3119",61,"1948/02/27","06:21:35.67","le",4.65,"l",32.434,-118.586,6,"C",3357728,36,0
"3123",65,"1948/03/01","08:12:13.52","le",4.6,"l",34.266,-117.474,2.5,"A",3357723,29,0
"3178",120,"1948/04/16","22:26:25.30","le",4.55,"l",33.9,-118.985,6,"C",3357617,29,0
"3377",319,"1948/12/04","23:43:16.41","le",6,"w",33.983,-116.331,6,"C",9860350,11,0
"3381",323,"1948/12/05","00:07:20.60","le",4.73,"l",33.922,-116.365,6,"C",3356624,21,0
"3662",114,"1949/05/02","11:25:46.90","le",5.69,"l",34,-115.696,6,"C",3356151,26,0
"3874",326,"1949/08/27","14:51:44.12","le",4.73,"l",34.179,-120.778,6,"C",3355694,30,0
"3937",389,"1949/11/04","20:42:38.77","le",5.66,"l",32.127,-116.75,6,"C",3355574,26,0
"4234",200,"1950/07/27","11:29:24.59","le",4.76,"l",33.022,-115.513,6,"C",3344212,21,0
"4242",208,"1950/07/28","03:25:28.21","le",4.59,"l",33.087,-115.487,6,"D",3344228,16,0
"4253",219,"1950/07/28","17:26:46.65","le",4.56,"l",33.26,-115.505,6,"D",3344238,16,0
"4255",221,"1950/07/28","17:50:46.29","le",5.33,"l",33.089,-115.448,6,"D",3344239,14,0
"4256",222,"1950/07/28","17:58:08.67","le",4.7,"l",32.902,-115.54,6,"C",3344240,12,0
"4268",234,"1950/07/29","14:36:31.93","le",5.42,"l",33.088,-115.664,6,"D",3344251,17,0
"4285",251,"1950/08/01","08:37:21.30","le",4.7,"l",33.215,-115.724,6,"D",3342844,18,0
"4338",304,"1950/09/05","19:19:56.77","le",4.76,"l",33.726,-116.697,6.4,"B",3344132,24,0
"4550",8,"1951/01/24","07:16:52.62","le",5.95,"l",32.622,-115.119,6,"C",3322622,21,0
"4573",31,"1951/02/15","10:48:00.22","le",4.71,"l",33.482,-116.601,3.4,"C",3322675,20,0
"4574",32,"1951/02/15","10:49:57.23","le",4.58,"l",33.452,-116.489,6,"C",3322677,10,0
"4710",168,"1951/09/02","16:27:45.44","le",4.69,"l",32.02,-117.275,6,"D",3322379,20,0
"4784",242,"1951/12/26","00:46:54.43","le",5.75,"l",32.916,-118.305,6,"C",3322187,22,0
"4826",35,"1952/02/13","15:13:34.51","le",4.61,"l",32.807,-118.381,6,"C",3322069,23,0
"4895",104,"1952/05/24","04:15:12.84","re",4.78,"l",36.156,-114.461,6,"D",3319549,29,0
"4930",139,"1952/07/21","11:52:14.54","le",7.5,"w",34.958,-118.998,6,"C",3319401,22,0
"4933",142,"1952/07/21","11:58:00.00","le",4.6,"h",35,-119.033,0,"Z",10084406,0,0
"4936",145,"1952/07/21","12:05:31.24","le",5.8,"h",34.973,-119.066,6,"C",3319398,14,0
"4937",146,"1952/07/21","12:06:00.00","le",5.4,"h",35,-119,0,"C",3319397,0,0
"4938",147,"1952/07/21","12:07:00.00","le",5.18,"h",35,-119,0,"C",3319396,0,0
"4939",148,"1952/07/21","12:10:00.02","le",4.53,"l",35.1,-118.8,6,"C",3319395,1,0
"4940",149,"1952/07/21","12:12:00.02","le",4.75,"l",35.1,-118.8,6,"C",3319393,1,0
"4942",151,"1952/07/21","12:19:36.19","le",5.2,"l",35.02,-118.83,6,"C",3319392,15,0
"4943",152,"1952/07/21","12:22:00.00","le",4.97,"l",35.1,-118.8,6,"Z",10086310,0,0
"4944",153,"1952/07/21","12:25:19.56","le",4.73,"h",34.854,-118.879,6,"C",3319391,8,0
"4951",160,"1952/07/21","13:13:05.91","le",4.51,"l",34.997,-118.981,6,"C",3319158,13,0
"4958",167,"1952/07/21","13:59:55.57","le",4.88,"l",35.069,-118.85,6,"D",3319129,3,0
"4965",174,"1952/07/21","15:13:58.54","le",4.93,"l",35.187,-118.564,6,"C",3319128,21,0
"4974",183,"1952/07/21","16:38:40.01","le",4.52,"l",34.974,-118.913,6,"C",3319104,13,0
"4980",189,"1952/07/21","17:42:44.83","le",4.66,"l",35.291,-118.477,6,"C",3319095,18,0
"4982",191,"1952/07/21","18:00:25.86","le",4.6,"l",35.174,-118.737,6,"C",3319093,13,0
"4987",196,"1952/07/21","19:41:22.62","le",5.19,"l",35.115,-118.792,6,"C",3319075,24,0
"5010",219,"1952/07/22","08:47:33.37","le",4.64,"l",35.079,-118.766,6,"C",3318797,26,0
"5014",223,"1952/07/22","13:31:42.74","le",4.71,"l",34.926,-118.98,6,"C",3318794,35,0
"5023",232,"1952/07/22","22:31:33.62","le",4.64,"l",34.962,-118.908,6,"C",3318784,34,0
"5025",234,"1952/07/23","00:38:31.81","le",5.43,"h",35.372,-118.565,6,"C",3318780,26,0
"5027",236,"1952/07/23","00:47:36.88","le",4.62,"l",35.407,-118.644,6,"C",3318778,29,0
"5028",237,"1952/07/23","03:19:22.25","le",5.07,"l",35.378,-118.628,6,"C",3318777,30,0
"5030",239,"1952/07/23","04:01:39.20","le",4.81,"l",35.342,-118.555,6,"C",3318775,27,0
"5031",240,"1952/07/23","05:46:03.01","le",4.58,"l",35.338,-118.559,6,"C",3318253,25,0
"5035",244,"1952/07/23","07:37:00.03","le",4.78,"l",35.264,-118.527,6,"C",3318257,30,0
"5036",245,"1952/07/23","07:53:18.13","le",5.55,"l",34.988,-118.803,6,"C",3318258,24,0
"5039",248,"1952/07/23","13:17:05.67","le",5.51,"l",35.166,-118.799,6,"C",3318262,24,0
"5047",256,"1952/07/23","18:13:50.17","le",5.13,"l",34.996,-118.93,15.2,"B",3318277,32,0
"5098",307,"1952/07/25","13:13:08.23","le",4.93,"l",35.316,-118.481,1,"C",3318457,36,0
"5100",309,"1952/07/25","19:09:45.29","le",5.55,"l",35.332,-118.463,6,"C",3318460,27,0
"5101",310,"1952/07/25","19:43:23.50","le",5.62,"l",35.304,-118.468,6,"C",3318463,23,0
"5102",311,"1952/07/25","20:06:06.28","le",4.74,"l",35.33,-118.422,6,"C",3318465,32,0
"5118",327,"1952/07/26","22:41:02.70","le",4.54,"l",35.179,-118.62,6,"C",3318703,36,0
"5141",350,"1952/07/29","07:03:46.25","le",5.72,"l",35.357,-118.895,6,"C",3317823,21,0
"5144",353,"1952/07/29","08:01:45.83","le",5.19,"l",35.403,-118.82,6,"C",3318185,26,0
"5149",358,"1952/07/29","15:49:50.22","le",4.78,"l",35.189,-118.596,6,"C",3317847,30,0
"5151",360,"1952/07/29","19:51:31.75","le",4.57,"l",35.346,-118.977,6,"C",3317850,27,0
"5157",366,"1952/07/31","12:09:09.13","le",5.64,"l",35.249,-118.497,6,"C",3317866,21,0
"5159",368,"1952/07/31","17:19:08.02","le",4.64,"l",35.283,-118.529,6,"C",3317869,28,0
"5161",370,"1952/07/31","19:53:13.09","le",4.7,"l",35.352,-119.018,6,"C",3317872,27,0
"5162",371,"1952/08/01","03:16:11.79","le",4.54,"l",35.301,-118.476,6,"C",3317874,32,0
"5164",373,"1952/08/01","13:04:29.18","le",4.92,"l",34.904,-118.996,6,"C",3317879,25,0
"5178",387,"1952/08/07","16:31:50.61","le",5.03,"l",35.045,-119.094,6,"C",3317936,20,0
"5186",395,"1952/08/10","12:23:16.69","le",4.59,"l",35.318,-118.448,1,"C",3306475,24,0
"5190",399,"1952/08/13","04:29:39.07","le",4.63,"l",35.286,-118.427,0.5,"C",3306532,25,0
"5191",400,"1952/08/13","17:39:25.60","le",4.68,"l",35.089,-118.681,6,"C",3306533,21,0
"5201",410,"1952/08/18","04:40:10.04","le",4.7,"l",35.035,-119.077,13,"A",3306593,21,0
"5208",417,"1952/08/22","22:41:23.48","le",5.52,"l",35.352,-118.954,6,"C",3306746,20,0
"5210",419,"1952/08/23","10:09:06.82","le",4.75,"l",34.508,-118.174,6,"C",3306750,30,0
"5214",423,"1952/08/25","06:20:26.10","le",4.66,"l",35.057,-118.952,6,"C",3306754,23,0
"5219",428,"1952/08/30","04:55:59.47","le",4.71,"l",35.318,-118.483,0.1,"A",3306759,22,0
"5225",434,"1952/09/02","12:41:32.52","le",4.61,"l",35.068,-118.703,6,"C",3306768,22,0
"5227",436,"1952/09/02","20:45:56.83","le",4.7,"l",34.909,-118.989,6.4,"C",3306770,27,0
"5277",486,"1952/11/07","08:55:35.01","le",4.53,"l",34.964,-119.1,8.3,"C",3307201,23,0
"5288",497,"1952/11/22","07:46:36.32","re",6.2,"l",35.723,-121.328,6,"D",3307216,18,0
"5533",187,"1953/04/29","12:47:45.02","le",4.69,"l",34.99,-118.72,8.6,"B",3303154,22,0
"5599",253,"1953/05/25","03:24:00.47","le",4.77,"l",34.971,-119.049,3.2,"B",3304007,20,0
"5633",287,"1953/06/14","04:17:26.70","le",5.47,"l",32.892,-115.504,6,"D",3304047,19,0
"5635",289,"1953/06/14","04:30:01.76","le",4.8,"l",33.567,-115.251,6,"D",3304049,18,0
"5805",459,"1953/10/07","14:59:21.28","le",4.7,"l",34.996,-118.828,3.8,"C",3300189,22,0
"5859",513,"1953/11/24","05:46:06.84","le",4.79,"l",35.794,-116.899,6,"C",3300252,24,0
"5890",544,"1953/12/15","12:44:35.69","le",4.64,"l",35.198,-118.848,6,"C",3300290,39,0
"5934",17,"1954/01/12","23:33:48.28","le",5.4,"l",34.982,-119.061,0,"C",3301140,37,0
"5940",23,"1954/01/13","01:45:31.10","le",4.6,"l",35.036,-119.087,8.5,"A",3301121,39,0
"5983",66,"1954/01/27","14:19:48.19","le",4.96,"l",35.143,-118.586,6,"C",3301213,33,0
"5988",71,"1954/02/01","04:23:45.79","le",5.21,"l",32.203,-114.555,6,"D",3301218,19,0
"5989",72,"1954/02/01","04:31:48.85","le",5.66,"l",32.195,-114.352,6,"D",3301219,21,0
"5999",82,"1954/02/07","00:09:53.23","le",4.56,"l",35.045,-119.082,7.9,"C",3301253,27,0
"6004",87,"1954/02/10","23:58:38.28","le",4.61,"l",34.93,-119.099,9.6,"B",3301260,27,0
"6018",101,"1954/02/24","22:30:22.55","le",4.67,"l",35.06,-119.049,8.1,"B",3298682,46,0
"6052",135,"1954/03/19","09:54:27.83","le",6.4,"w",33.298,-116.081,6,"D",3299653,24,0
"6053",136,"1954/03/19","09:55:56.19","le",4.79,"l",33.3,-116.08,6,"D",3299654,4,0
"6054",137,"1954/03/19","09:57:05.07","le",4.53,"l",33.3,-116.08,6,"D",3299655,4,0
"6069",152,"1954/03/19","10:21:16.33","le",5.48,"l",33.209,-116.098,6,"C",3299672,24,0
"6121",204,"1954/03/20","04:19:18.17","le",4.74,"l",33.246,-116.079,6,"C",3299731,31,0
"6136",219,"1954/03/23","04:14:48.33","le",4.93,"l",33.262,-116.035,6,"C",3299750,31,0
"6255",338,"1954/05/23","23:52:43.13","le",5.03,"l",34.968,-119.002,14.5,"A",3299932,31,0
"6355",438,"1954/08/26","13:48:01.61","le",4.76,"l",33.87,-119.541,6,"C",3298426,29,0
"6506",47,"1955/02/18","15:27:28.38","le",4.53,"l",32.069,-116.104,6,"D",3297733,38,0
"6515",56,"1955/03/02","15:59:00.91","re",4.77,"l",35.902,-120.999,6,"D",3297743,28,0
"6560",101,"1955/04/25","10:43:07.42","le",4.89,"l",32.466,-114.989,6,"D",3297793,25,0
"6582",123,"1955/05/28","19:44:20.03","le",4.51,"l",35.538,-118.247,6,"C",3297817,42,0
"6719",260,"1955/11/02","19:40:03.82","re",4.87,"l",36.572,-120.7,6,"D",3297331,37,0
"6775",316,"1955/12/17","06:07:27.90","le",5.26,"l",32.955,-115.472,6,"C",3297422,41,0
"6784",325,"1955/12/17","06:52:02.62","le",4.59,"l",32.953,-115.486,6,"D",3297440,33,0
"6811",0,"1956/01/03","00:25:49.13","le",4.71,"l",33.753,-117.491,10.8,"A",3297472,39,0
"6813",2,"1956/01/03","14:24:01.25","le",4.64,"l",32.373,-116.038,6,"C",3297475,51,0
"6869",58,"1956/03/16","20:29:33.73","le",4.7,"l",34.289,-116.775,2.7,"B",3295013,34,0
"6916",105,"1956/05/11","16:30:50.44","le",4.68,"l",34.229,-116.778,11.7,"B",3295148,29,0
"7065",254,"1956/11/16","03:23:01.19","re",5,"l",36.376,-120.885,6,"D",3295741,40,0
"7096",6,"1957/01/24","20:54:47.84","le",4.65,"l",33.062,-116.374,6,"C",3295792,29,0
"7099",9,"1957/02/01","07:52:14.56","le",4.51,"l",33.982,-116.326,6,"C",3295808,32,0
"7138",48,"1957/03/18","18:56:28.18","le",4.82,"l",34.146,-119.203,6,"C",3295906,29,0
"7174",84,"1957/04/25","21:57:36.90","le",5.19,"l",33.119,-115.681,6,"C",3295960,25,0
"7185",95,"1957/04/25","22:24:13.25","le",5.05,"l",33.223,-116.028,6,"D",3295973,16,0
"7188",98,"1957/04/25","22:49:08.86","le",4.72,"l",32.902,-115.965,6,"D",3295977,7,0
"7206",116,"1957/05/26","15:59:33.57","le",4.97,"l",33.274,-116.01,6,"C",3296029,32,0
"7496",151,"1958/10/10","13:05:13.25","re",4.71,"l",36.019,-120.757,6,"C",3296778,27,0
"7527",182,"1958/12/01","03:21:17.62","le",5.75,"l",32.216,-115.754,6,"D",3296828,30,0
"7530",185,"1958/12/01","03:50:05.04","le",4.73,"l",32.023,-115.852,6,"C",3296831,33,0
"7531",186,"1958/12/01","04:26:47.35","le",4.57,"l",32.151,-115.771,6,"C",3296832,34,0
"7532",187,"1958/12/01","06:02:29.88","le",5.39,"l",32.08,-115.882,6,"C",3296833,32,0
"7533",188,"1958/12/01","06:03:00.00","le",4.6,"h",32.15,-115.8,6,"Z",10086466,0,0
"7574",1,"1959/01/05","12:36:02.40","le",4.72,"l",36.165,-118.052,0.2,"C",3296903,29,0
"7699",126,"1959/07/01","23:49:23.62","le",4.63,"l",35.178,-119.087,6,"C",3297109,33,0
"7785",212,"1959/10/01","04:35:33.60","le",4.69,"l",34.42,-120.577,6,"C",3297214,40,0
"7862",20,"1960/02/03","08:37:17.84","le",4.64,"l",32.077,-116.043,6,"C",3351652,22,0
"8041",15,"1961/01/28","08:12:46.26","le",5.05,"l",35.758,-118.041,6,"C",3347759,24,0
"8144",118,"1961/07/31","00:07:06.69","re",4.64,"l",35.88,-120.347,6,"C",3344833,24,0
"8161",135,"1961/08/23","01:00:47.58","le",4.69,"l",33.053,-116.226,6,"C",3344781,12,0
"8175",149,"1961/09/12","19:18:49.21","le",4.75,"l",32.742,-115.57,6,"D",3344797,18,0
"8244",218,"1961/10/19","05:09:44.52","le",5.13,"l",35.864,-117.795,6.3,"B",3344648,28,0
"8249",223,"1961/10/20","19:49:50.18","le",4.58,"l",33.671,-117.984,0.6,"A",3344656,23,0
"8286",260,"1961/11/15","05:38:55.62","le",4.97,"l",34.946,-118.987,5.5,"B",3344602,20,0
"8413",93,"1962/05/27","01:45:40.74","le",5.1,"h",32.258,-115.769,6,"D",10086670,16,0
"8476",156,"1962/09/16","05:36:16.14","le",4.95,"l",35.759,-118.051,6,"C",3331691,23,0
"8504",184,"1962/10/29","02:42:53.71","le",4.97,"l",34.349,-116.866,6,"C",3331521,24,0
"8611",32,"1963/03/01","00:25:57.93","le",4.64,"l",34.956,-118.971,8.4,"C",3331412,23,0
"8631",52,"1963/03/25","09:28:43.94","le",4.82,"l",35.962,-114.861,6,"D",3332155,25,0
"8670",91,"1963/05/23","09:06:05.27","le",4.51,"l",33.018,-115.576,6,"C",3331314,27,0
"8673",94,"1963/05/23","15:53:01.84","le",4.68,"l",33.006,-115.645,6,"C",3331316,23,0
"8730",151,"1963/07/30","06:34:56.85","le",4.64,"l",34.161,-116.189,6,"C",3331237,24,0
"8772",193,"1963/09/14","03:51:16.77","le",4.7,"l",33.562,-118.329,6,"C",3331219,23,0
"8778",199,"1963/09/16","05:36:16.00","le",4.9,"h",35.75,-118.05,6,"Z",10086718,0,0
"8791",212,"1963/09/23","14:41:52.79","le",5.29,"l",33.704,-116.938,10.7,"B",3331170,23,0
"8813",234,"1963/10/27","14:58:12.27","le",4.57,"l",33.145,-115.425,6,"D",3331111,15,0
"8881",7,"1964/01/06","23:47:13.13","le",4.55,"l",34.373,-116.483,6,"C",3331045,21,0
"9145",74,"1965/04/15","20:08:33.45","le",4.61,"l",34.135,-117.436,6,"C",3330616,23,0
"9264",193,"1965/09/25","17:43:43.33","le",5.14,"l",34.714,-116.432,6,"C",3330460,30,0
"9265",194,"1965/09/25","17:48:02.98","le",4.85,"l",34.697,-116.442,6,"C",3330464,28,0
"9268",197,"1965/09/26","07:00:01.52","le",4.69,"l",34.723,-116.461,6,"C",3330409,22,0
"9280",209,"1965/10/17","09:45:18.78","le",4.95,"l",33.99,-116.761,13,"C",3330427,25,0
"9461",110,"1966/06/28","04:08:59.87","re",4.69,"l",35.809,-120.188,6,"D",3330124,24,0
"9463",112,"1966/06/28","04:26:15.74","re",5.47,"l",35.791,-120.294,6,"C",3330127,24,0
"9484",133,"1966/06/29","19:53:21.11","re",4.8,"l",36.172,-120.729,6,"C",3330147,29,0
"9851",178,"1967/05/21","14:42:34.06","le",4.71,"l",33.552,-116.632,8.4,"C",3329635,30,0
"10120",98,"1968/04/09","02:28:58.39","le",6.6,"w",33.18,-116.103,10,"C",3329122,29,0
"10128",106,"1968/04/09","03:03:50.91","le",5.2,"h",32.875,-116.15,6,"D",10084422,14,0
"10132",110,"1968/04/09","03:48:10.61","le",4.54,"l",33.069,-116.025,6,"C",3329145,29,0
"10393",371,"1968/07/05","00:45:16.74","le",5.05,"l",34.139,-119.723,0.2,"B",3328690,24,0
"10409",387,"1968/07/07","14:33:31.23","le",4.56,"l",34.207,-119.802,21,"C",3328708,23,0
"10547",525,"1968/12/17","22:53:51.17","le",4.61,"l",33.038,-115.838,6,"C",3328220,25,0
"10592",20,"1969/01/23","23:01:00.44","le",4.75,"l",33.892,-116.049,6,"C",3327909,23,0
"10697",125,"1969/04/28","23:20:44.87","le",5.46,"l",33.259,-116.361,6,"C",3327613,23,0
"11011",439,"1969/10/22","22:51:27.00","le",5.24,"l",34.52,-121.762,6,"D",3326086,19,0
"11028",456,"1969/10/24","08:29:12.42","le",4.85,"l",33.336,-119.161,6,"C",3326120,20,0
"11035",463,"1969/10/24","20:26:43.62","le",4.63,"l",33.343,-119.133,6,"C",3326128,21,0
"11061",489,"1969/10/31","10:39:29.51","le",4.6,"l",33.461,-119.132,6,"C",3326170,21,0
"11072",500,"1969/11/05","17:54:09.41","le",5.4,"l",34.595,-121.341,6,"D",3325886,18,0
"11074",502,"1969/11/05","18:48:41.17","le",4.55,"l",34.413,-121.572,6,"D",3325890,22,0
"11522",339,"1970/09/12","14:30:53.00","le",5.22,"l",34.255,-117.534,10.8,"A",3323898,30,0
"11746",54,"1971/02/09","14:00:41.92","le",6.6,"w",34.416,-118.37,8.9,"C",3347678,23,0
"11747",55,"1971/02/09","14:01:12.45","le",5.8,"h",34.416,-118.37,6,"C",3360255,2,0
"11754",62,"1971/02/09","14:02:29.94","le",4.7,"h",34.416,-118.37,6,"C",3360246,1,0
"11756",64,"1971/02/09","14:02:31.00","le",4.7,"h",34.411,-118.401,6,"Z",12315515,0,0
"11757",65,"1971/02/09","14:02:45.74","le",5.8,"h",34.416,-118.37,6,"C",3360245,3,0
"11790",98,"1971/02/09","14:08:53.72","le",4.6,"h",34.416,-118.37,6,"C",3360203,4,0
"11792",100,"1971/02/09","14:10:21.33","le",4.64,"l",34.246,-118.396,14.6,"B",3342443,7,0
"11793",101,"1971/02/09","14:10:29.04","le",5.3,"h",34.416,-118.37,6,"C",3360199,1,0
"11812",120,"1971/02/09","14:34:39.35","le",4.83,"l",34.31,-118.414,2.8,"B",3342514,13,0
"11844",152,"1971/02/09","15:58:20.88","le",4.59,"l",34.35,-118.339,13.9,"B",3347652,24,0
"12405",713,"1971/09/30","22:46:10.87","le",5.02,"l",32.983,-115.804,6,"C",3321788,25,0
"12584",63,"1972/02/24","15:56:12.40","re",4.92,"l",36.281,-121.713,6,"D",3321448,29,0
"12928",407,"1972/09/04","18:04:40.25","re",4.81,"l",36.553,-121.379,6,"D",3320977,35,0
"13397",167,"1973/02/21","14:45:56.14","le",5.3,"w",33.979,-119.05,10,"C",3320341,22,0
"14046",816,"1973/08/06","23:29:16.66","le",5.14,"l",33.957,-119.475,16.9,"B",3319386,37,0
"14187",957,"1973/09/13","17:30:39.15","le",4.65,"l",32.896,-116.229,8.6,"B",3319366,30,0
"15736",14,"1975/01/06","11:17:11.39","re",4.68,"l",36.028,-120.574,6,"D",3037319,52,0
"15765",43,"1975/01/12","21:22:13.48","le",4.84,"l",32.693,-118.04,6,"D",3037348,55,0
"15863",141,"1975/01/23","17:02:30.02","le",4.84,"l",32.952,-115.494,13.6,"A",3037458,48,0
"16885",1163,"1975/05/13","00:21:35.60","le",4.56,"l",35.007,-119.097,24.1,"B",3022027,104,0
"16986",1264,"1975/06/01","01:38:48.74","le",5.28,"l",34.512,-116.488,0.1,"A",3022138,90,0
"17690",1968,"1975/08/02","00:14:07.77","le",4.9,"l",33.525,-116.544,14.4,"A",3023147,106,0
"18615",74,"1976/01/10","12:58:16.37","le",4.99,"l",32.128,-115.447,12,"C",3001715,96,0
"18678",137,"1976/01/17","03:58:53.45","le",4.81,"l",32.111,-115.473,12,"C",3001788,96,0
"18749",208,"1976/01/27","00:40:56.58","le",4.56,"l",32.019,-115.483,12,"D",3001867,89,0
"21624",3083,"1976/11/04","10:41:37.78","le",5.06,"l",33.115,-115.616,4.6,"A",149237,58,0
"28932",1092,"1978/03/11","23:57:51.29","le",4.7,"l",32.601,-115.293,10,"C",3337861,25,0
"28940",1100,"1978/03/12","00:30:18.03","le",4.71,"l",32.322,-115.118,6,"D",3337866,34,0
"28998",1158,"1978/03/12","18:42:22.90","le",4.8,"l",32.175,-115.095,6,"D",3337924,39,0
"30149",2309,"1978/05/05","21:03:15.77","le",5.03,"l",32.264,-115.31,10,"C",3339262,62,0
"31663",3823,"1978/08/13","22:54:52.91","le",5.08,"l",34.314,-119.706,18,"C",10012262,102,0
"34099",9,"1979/01/01","23:14:38.62","le",5.21,"l",33.916,-118.687,13.3,"A",12228815,100,0
"35433",1343,"1979/03/15","20:17:50.28","le",4.83,"l",34.305,-116.412,8.3,"A",3346630,129,0
"35467",1377,"1979/03/15","21:07:16.78","le",5.23,"l",34.326,-116.416,9.3,"A",3346646,123,0
"35553",1463,"1979/03/15","23:07:57.64","le",4.77,"l",34.344,-116.407,2,"C",3346693,107,0
"38632",4542,"1979/06/14","07:39:28.10","le",4.54,"l",35.736,-117.974,5.8,"A",3349792,119,0
"39126",5036,"1979/06/30","00:34:11.59","le",4.83,"l",34.242,-116.882,12.6,"A",3350295,109,0
"40835",6745,"1979/10/15","23:16:53.91","le",6.4,"w",32.667,-115.359,15,"C",3352060,88,0
"40838",6748,"1979/10/15","23:19:29.98","le",5.2,"h",32.766,-115.441,9.2,"D",9712718,0,0
"40950",6860,"1979/10/16","01:00:14.43","le",4.59,"l",32.881,-115.51,10,"C",3352106,22,0
"41095",7005,"1979/10/16","03:39:34.83","le",4.58,"l",32.957,-115.579,10,"C",12264523,74,0
"41224",7134,"1979/10/16","05:49:10.83","le",5.06,"l",32.954,-115.559,10,"C",3352186,83,0
"41252",7162,"1979/10/16","06:19:49.49","le",5.04,"l",32.948,-115.548,10,"C",3352194,37,0
"41286",7196,"1979/10/16","06:55:23.85","le",4.54,"l",32.992,-115.56,10,"C",3352203,49,0
"41288",7198,"1979/10/16","06:58:43.45","le",5.8,"l",32.999,-115.558,14.2,"B",3310205,19,0
"41520",7430,"1979/10/16","11:46:55.87","le",4.7,"l",32.93,-115.589,10,"C",3352292,84,0
"41803",7713,"1979/10/16","23:16:32.12","le",4.92,"l",33.045,-115.527,10,"C",3352470,87,0
"42165",8075,"1979/10/17","22:45:33.90","le",4.62,"l",33.054,-115.522,10,"C",12281947,56,0
"43958",9868,"1979/12/21","20:40:22.44","le",4.75,"l",32.441,-115.221,15,"C",10067842,73,0
"44738",678,"1980/02/25","10:47:38.41","le",5.34,"l",33.475,-116.5,19.4,"A",3326333,112,0
"45908",1848,"1980/04/13","06:15:54.84","re",4.53,"l",36.786,-121.578,6,"D",3328039,97,0
"46443",2383,"1980/05/29","03:38:45.02","le",4.65,"l",34.981,-120.93,6,"C",3308540,79,0
"46545",2485,"1980/06/09","03:28:19.14","le",6.3,"w",32.2,-115.122,6,"C",9730174,22,0
"48752",4692,"1980/10/31","12:55:36.58","le",4.55,"l",32.654,-115.601,15,"C",9738986,17,0
"51517",1855,"1981/04/19","09:02:50.52","le",4.7,"l",35.816,-117.816,6,"C",514609,27,0
"52168",2506,"1981/04/26","12:09:28.29","le",5.75,"l",33.096,-115.624,18.8,"A",514869,81,0
"56772",7110,"1981/09/04","15:50:48.70","le",5.45,"l",33.557,-119.12,6,"C",522177,121,0
"58312",8650,"1981/10/23","17:28:16.44","le",4.76,"l",33.59,-119.004,10,"C",526000,93,0
"58320",8658,"1981/10/23","19:15:52.17","le",4.61,"l",33.618,-119.017,14.8,"A",526013,97,0
"58886",9224,"1981/11/10","22:34:35.73","le",4.71,"l",35.011,-119.133,8,"A",526822,135,0
"62157",1808,"1982/03/07","20:51:00.66","le",4.62,"l",35.747,-117.766,6,"C",106913,5,0
"66423",6074,"1982/06/15","23:49:21.28","le",4.81,"l",33.549,-116.677,13.1,"A",532392,120,0
"69955",9606,"1982/10/01","14:29:01.70","le",5.12,"c",35.743,-117.756,3.8,"A",508442,41,0
"72312",11963,"1982/10/25","22:26:04.22","re",5.55,"l",36.291,-120.404,6,"C",509322,136,0
"79059",4680,"1983/05/02","23:42:37.81","re",6.07,"l",36.232,-120.312,10.2,"D",1105860,16,0
"79060",4681,"1983/05/02","23:46:00.43","re",5.57,"l",36.23,-120.3,6,"D",12327415,4,0
"79082",4703,"1983/05/03","00:57:45.87","re",4.66,"l",36.112,-120.27,6,"C",12327475,14,0
"79097",4718,"1983/05/03","04:32:31.46","re",4.52,"l",36.254,-120.412,6,"C",12327523,13,0
"79139",4760,"1983/05/03","15:41:42.29","re",4.62,"l",36.19,-120.302,6,"C",1106098,14,0
"79402",5023,"1983/05/09","02:49:11.63","re",5.18,"l",36.211,-120.218,6,"C",1107075,15,0
"79405",5026,"1983/05/09","03:26:37.51","re",4.71,"l",36.2,-120.25,6,"C",1107082,18,0
"79900",5521,"1983/05/24","09:02:18.27","re",4.62,"l",36.245,-120.279,6,"C",1108420,15,0
"80496",6117,"1983/06/11","03:09:53.76","re",5.03,"l",36.278,-120.456,6,"C",2216999,11,0
"80923",6544,"1983/06/29","08:08:35.42","le",4.65,"l",32.535,-117.418,10,"C",2218291,92,0
"81117",6738,"1983/07/09","07:40:52.29","re",4.9,"l",36.059,-120.379,6,"C",12328131,10,0
"81563",7184,"1983/07/22","02:39:55.60","re",5.67,"l",36.205,-120.433,15,"C",11039,80,0
"81590",7211,"1983/07/22","03:43:03.28","re",5.13,"l",36.191,-120.432,17.8,"B",11072,96,0
"81896",7517,"1983/07/25","22:31:40.08","re",5.33,"l",36.232,-120.339,6,"C",11801,22,0
"83042",8663,"1983/08/29","10:10:28.96","re",5.15,"l",35.757,-121.521,6,"C",20839,19,0
"83342",8963,"1983/09/09","09:16:14.08","re",5.19,"l",36.236,-120.231,1,"C",21420,45,0
"83421",9042,"1983/09/11","11:48:07.41","re",4.69,"l",36.241,-120.355,9.2,"B",21537,55,0
"84911",10532,"1983/10/21","22:44:13.53","le",4.52,"l",35.92,-118.333,1.5,"A",19003,63,0
"103567",14721,"1984/10/25","10:36:02.37","le",4.53,"l",34.737,-120.147,6,"C",52453,21,0
"103639",14793,"1984/10/26","17:20:43.54","le",4.56,"l",34.016,-118.988,13.3,"A",53124,77,0
"108883",2146,"1985/02/08","06:58:16.86","le",4.61,"l",35.457,-118.906,6,"C",58486,88,0
"118126",11389,"1985/08/04","12:01:56.03","re",5.66,"l",36.151,-120.049,6,"C",69717,57,0
"121638",14901,"1985/10/02","23:44:12.45","le",4.58,"l",34.023,-117.245,15.2,"A",107945,186,0
"132820",7234,"1986/07/08","09:20:44.56","le",5.65,"l",33.999,-116.608,10.3,"A",700917,163,0
"134399",8813,"1986/07/13","13:47:08.21","le",5.45,"l",32.971,-117.874,6,"C",127298,105,0
"143453",794,"1987/02/07","03:45:14.85","le",5.38,"l",32.388,-115.305,6,"C",716756,29,0
"143751",1092,"1987/02/14","07:26:53.42","re",4.63,"l",35.964,-120.701,6,"C",717253,36,0
"150065",7406,"1987/10/01","14:42:20.02","le",5.9,"w",34.061,-118.079,9.5,"A",731691,178,0
"150068",7409,"1987/10/01","14:45:41.45","le",4.7,"l",34.049,-118.1,13.6,"A",624578,33,0
"150071",7412,"1987/10/01","14:49:05.92","le",4.75,"l",34.06,-118.1,11.7,"A",624580,47,0
"150089",7430,"1987/10/01","15:12:31.76","le",4.62,"l",34.052,-118.091,10.8,"A",134294,164,0
"150402",7743,"1987/10/04","10:59:38.19","le",5.25,"l",34.074,-118.098,8.3,"A",732031,189,0
"152023",9364,"1987/11/24","01:54:14.66","le",6.2,"w",33.09,-115.792,10.8,"A",134894,47,0
"152036",9377,"1987/11/24","02:14:35.45","le",4.54,"l",33.036,-115.82,4.7,"A",735670,54,0
"152037",9378,"1987/11/24","02:15:23.17","le",4.82,"l",33.048,-115.798,5,"A",134901,11,0
"152058",9399,"1987/11/24","02:53:00.74","le",4.66,"l",33.04,-115.812,3.5,"A",627860,59,0
"152324",9665,"1987/11/24","13:15:56.71","le",6.6,"w",33.015,-115.852,11.2,"A",628016,72,0
"152333",9674,"1987/11/24","13:34:39.92","le",4.71,"l",32.942,-115.764,14.1,"B",134915,17,0
"153479",10820,"1987/11/26","17:39:01.99","le",4.53,"l",33.029,-115.888,1.8,"A",736607,40,0
"154377",11718,"1987/12/02","04:03:06.19","le",4.57,"l",32.995,-115.813,1.7,"A",737585,55,0
"157321",1085,"1988/01/28","02:54:02.34","le",4.67,"l",32.919,-115.678,3.7,"A",742130,76,0
"157721",1485,"1988/02/11","15:25:55.65","le",4.69,"l",34.077,-118.047,12.5,"A",743060,135,0
"161401",5165,"1988/06/10","23:06:43.05","le",5.37,"l",34.943,-118.743,6.8,"A",640798,120,0
"161914",5678,"1988/06/26","15:04:58.48","le",4.66,"l",34.136,-117.709,7.9,"A",136984,134,0
"166068",9832,"1988/11/20","05:39:28.67","le",4.83,"l",33.507,-118.071,6,"C",1013254,105,0
"166502",10266,"1988/12/03","11:38:26.45","le",5.02,"l",34.151,-118.13,14.3,"A",650799,187,0
"166852",10616,"1988/12/16","05:53:04.00","le",5.03,"l",33.979,-116.681,8.1,"A",651401,171,0
"167814",506,"1989/01/19","06:53:28.84","le",4.96,"l",33.919,-118.627,11.9,"A",1018595,165,0
"169472",2164,"1989/03/06","22:16:47.63","le",4.58,"l",33.181,-115.599,1,"A",1022950,38,0
"170547",3239,"1989/04/07","20:07:30.30","le",4.8,"l",33.619,-117.902,12.8,"A",657729,142,0
"172656",5348,"1989/06/12","16:57:18.49","le",4.82,"l",34.028,-118.18,15.6,"A",1032113,142,0
"178172",10864,"1989/12/10","04:20:40.29","re",4.53,"h",35.636,-121.642,6,"D",1047822,8,0
"180739",1863,"1990/02/28","23:43:36.75","le",5.51,"l",34.144,-117.697,4.5,"A",1053635,120,0
"180844",1968,"1990/03/01","03:23:03.03","le",4.72,"l",34.153,-117.72,11.4,"A",676027,158,0
"182573",3697,"1990/04/04","08:54:39.39","le",4.52,"l",32.97,-117.814,6,"C",1056608,93,0
"194611",4496,"1991/06/28","14:43:54.66","le",5.8,"w",34.27,-117.993,9.2,"A",2021449,157,0
"196949",6834,"1991/09/17","21:10:28.16","re",5.01,"l",35.81,-121.452,6,"D",2029412,62,0
"204662",4451,"1992/04/23","02:25:29.87","le",4.54,"l",33.956,-116.317,11.5,"A",2047709,121,0
"204669",4458,"1992/04/23","04:50:23.23","le",6.1,"w",33.96,-116.317,12.3,"A",3019681,152,0
"208659",8448,"1992/05/04","16:19:49.72","le",4.98,"l",33.941,-116.304,12.4,"A",2050647,106,0
"208891",8680,"1992/05/06","02:38:43.35","le",4.83,"l",33.943,-116.314,6.8,"A",2050937,125,0
"210475",10264,"1992/05/18","15:44:17.97","le",4.96,"l",33.951,-116.337,6.6,"A",2052730,138,0
"213277",13066,"1992/06/28","11:57:34.13","le",7.3,"w",34.2,-116.437,1,"A",3031111,110,0
"213278",13067,"1992/06/28","12:00:44.00","le",5.77,"l",34.131,-116.408,0,"B",3043549,13,0
"213279",13068,"1992/06/28","12:01:16.19","le",5.7,"l",34.12,-116.323,6,"C",3043630,9,0
"213280",13069,"1992/06/28","12:02:16.96","le",5,"h",34.06,-116.473,6,"C",12178451,5,0
"213281",13070,"1992/06/28","12:02:31.08","le",5,"h",34.103,-116.425,6,"D",12178455,8,0
"213289",13078,"1992/06/28","12:36:40.77","le",5.49,"l",34.115,-116.426,8.3,"B",2056979,32,0
"213290",13079,"1992/06/28","12:40:53.57","le",5.41,"l",34.341,-116.511,6,"C",2056980,25,0
"213297",13086,"1992/06/28","13:10:50.21","le",4.87,"l",34.418,-116.441,6,"C",2056985,41,0
"213304",13093,"1992/06/28","13:26:05.20","le",4.88,"l",34.16,-116.407,6,"C",2056989,96,0
"213305",13094,"1992/06/28","13:28:21.60","le",4.65,"l",36.587,-116.904,6,"D",3031875,21,0
"213312",13101,"1992/06/28","13:50:46.16","le",4.95,"l",34.109,-116.403,6,"C",3031243,36,0
"213329",13118,"1992/06/28","14:43:21.85","le",5.53,"l",34.162,-116.852,11.1,"B",2057008,52,0
"213332",13121,"1992/06/28","15:04:51.50","le",4.54,"l",34.16,-116.825,13.3,"A",2057011,115,0
"213333",13122,"1992/06/28","15:05:30.73","le",6.3,"w",34.203,-116.827,5.4,"C",3031425,39,0
"213345",13134,"1992/06/28","15:17:14.01","le",4.66,"l",34.111,-116.875,4.9,"C",3037203,22,0
"213346",13135,"1992/06/28","15:18:33.19","le",4.58,"l",34.203,-116.758,8.8,"C",3031129,22,0
"213349",13138,"1992/06/28","15:24:29.43","le",4.76,"l",34.201,-116.751,6,"C",3031134,82,0
"213399",13188,"1992/06/28","17:01:32.01","le",4.98,"l",34.179,-116.925,10.8,"A",3031154,67,0
"213403",13192,"1992/06/28","17:05:57.56","le",5.26,"l",34.255,-116.912,7.7,"A",3031157,102,0
"213570",13359,"1992/06/28","21:13:16.47","le",4.67,"l",34.095,-116.427,3.8,"A",3031245,76,0
"213725",13514,"1992/06/29","01:18:13.40","le",4.67,"l",35.16,-117.362,4.2,"A",3040295,28,0
"214039",13828,"1992/06/29","10:14:23.18","le",5.4,"s",36.698,-116.289,10,"D",3031537,24,0
"214139",13928,"1992/06/29","14:08:37.73","le",5.69,"l",34.105,-116.403,10.3,"A",3031935,96,0
"214142",13931,"1992/06/29","14:13:38.77","le",5.08,"c",34.105,-116.39,11.7,"A",3031615,102,0
"214152",13941,"1992/06/29","14:31:30.36","le",4.64,"l",34.081,-116.386,4.9,"A",3031618,43,0
"214164",13953,"1992/06/29","14:41:26.04","le",4.59,"l",34.111,-116.997,4.8,"A",3031622,66,0
"214196",13985,"1992/06/29","16:01:42.79","le",4.83,"l",33.873,-116.268,1.1,"A",3031649,73,0
"214218",14007,"1992/06/29","16:41:41.93","le",4.64,"l",34.249,-116.719,1.6,"A",3031666,90,0
"214777",14566,"1992/06/30","13:05:36.49","le",4.59,"l",35.679,-117.624,3.6,"A",3032127,96,0
"214842",14631,"1992/06/30","14:38:11.72","le",4.99,"l",33.997,-116.356,1.9,"A",3032166,101,0
"215130",14919,"1992/06/30","21:22:54.43","le",4.85,"l",34.13,-116.724,13.6,"A",3038550,191,0
"215439",15228,"1992/07/01","06:16:56.64","le",4.51,"l",35.677,-117.608,3.2,"A",3032594,70,0
"215485",15274,"1992/07/01","07:40:29.90","le",5.34,"l",34.33,-116.464,6,"C",3032643,124,0
"217817",17606,"1992/07/05","10:55:43.29","le",4.56,"l",35.03,-116.968,0.8,"A",3035113,113,0
"218033",17822,"1992/07/05","21:18:27.60","le",5.42,"l",34.583,-116.322,6,"C",3035348,122,0
"219119",18908,"1992/07/08","02:23:11.33","le",4.91,"l",34.575,-116.336,6,"C",3038139,121,0
"219636",19425,"1992/07/09","01:43:57.61","le",4.87,"l",34.239,-116.837,0,"A",3039881,144,0
"220939",20728,"1992/07/11","18:14:16.16","le",5.67,"l",35.21,-118.067,10.7,"A",3041390,83,0
"224026",23815,"1992/07/20","04:48:01.51","le",4.55,"l",34.97,-116.939,4.5,"A",3044898,71,0
"224124",23913,"1992/07/20","13:13:19.42","le",4.68,"l",34.991,-116.948,0,"A",3045013,90,0
"225551",25340,"1992/07/24","18:14:36.25","le",4.96,"l",33.901,-116.285,8.2,"A",3046661,170,0
"225716",25505,"1992/07/25","04:31:59.93","le",4.83,"l",33.937,-116.306,4.7,"A",3046818,139,0
"227062",26851,"1992/07/28","18:27:03.90","le",4.6,"l",34.112,-116.415,0,"A",3048163,143,0
"229502",29291,"1992/08/05","22:22:40.82","le",4.79,"l",34.979,-116.952,0,"A",3051065,120,0
"230266",30055,"1992/08/08","15:37:43.34","le",4.57,"l",34.376,-116.459,2.8,"A",3052180,81,0
"232137",31926,"1992/08/15","08:24:14.66","le",4.73,"l",34.087,-116.403,0.4,"A",3054293,76,0
"232806",32595,"1992/08/17","20:41:52.12","le",5.23,"l",34.195,-116.863,11.3,"A",3055028,141,0
"238520",38309,"1992/09/15","08:47:11.29","le",5.26,"l",34.064,-116.361,8.3,"A",3062563,172,0
"241430",41219,"1992/10/02","07:19:57.34","le",4.59,"l",34.601,-116.636,3.4,"A",3068003,82,0
"242789",42578,"1992/10/11","12:38:12.44","le",4.52,"l",34.944,-116.797,2.7,"A",3069999,78,0
"248045",47834,"1992/11/27","16:00:57.49","le",5.29,"l",34.34,-116.9,1.4,"A",3079915,164,0
"248832",48621,"1992/12/04","02:08:57.50","le",5.26,"l",34.369,-116.898,3,"A",3081404,151,0
"248868",48657,"1992/12/04","05:25:07.44","le",4.61,"c",34.373,-116.912,3.6,"A",3081485,36,0
"248869",48658,"1992/12/04","05:25:11.21","le",4.66,"l",34.377,-116.918,2.7,"A",3081464,157,0
"259562",7892,"1993/05/20","20:14:14.50","le",4.52,"l",36.095,-117.702,0.8,"A",3106252,141,0
"260271",8601,"1993/05/28","04:47:40.60","le",5.19,"l",35.149,-119.104,21.4,"A",3107503,157,0
"265093",13423,"1993/08/21","01:46:38.40","le",5,"l",34.029,-116.321,9.1,"A",3118441,167,0
"271104",19434,"1993/11/14","12:25:35.40","re",4.64,"l",35.965,-120.508,18,"A",3131777,115,0
"274581",898,"1994/01/17","12:30:55.39","le",6.7,"w",34.213,-118.537,18.4,"A",3144585,160,0
"274582",899,"1994/01/17","12:31:58.12","le",5.89,"l",34.275,-118.493,6,"C",3149646,40,0
"274588",905,"1994/01/17","12:39:39.80","le",4.89,"l",34.265,-118.54,6,"C",3144652,119,0
"274589",906,"1994/01/17","12:40:09.52","le",4.82,"l",34.32,-118.507,6,"C",3144673,28,0
"274590",907,"1994/01/17","12:40:36.12","le",5.2,"l",34.34,-118.614,6,"C",3144694,18,0
"274613",930,"1994/01/17","13:06:28.34","le",4.62,"l",34.251,-118.55,6,"C",3140678,103,0
"274622",939,"1994/01/17","13:26:45.01","le",4.68,"l",34.318,-118.456,6,"C",3140684,112,0
"274697",1014,"1994/01/17","15:54:10.76","le",4.85,"l",34.376,-118.627,13,"A",3140766,141,0
"274751",1068,"1994/01/17","17:56:08.21","le",4.63,"l",34.228,-118.572,19.2,"A",3140853,149,0
"274809",1126,"1994/01/17","20:46:02.40","le",4.85,"l",34.302,-118.565,6,"C",3141219,153,0
"274886",1203,"1994/01/17","23:33:30.69","le",5.58,"l",34.326,-118.698,9.8,"A",3141273,134,0
"274923",1240,"1994/01/18","00:43:08.89","le",5.24,"l",34.377,-118.698,11.3,"A",3141286,139,0
"275271",1588,"1994/01/18","15:23:46.89","le",4.84,"l",34.379,-118.561,7.7,"A",3141597,134,0
"275623",1940,"1994/01/19","14:09:14.83","le",4.52,"l",34.215,-118.51,17.5,"A",3142198,158,0
"275729",2046,"1994/01/19","21:09:28.61","le",5.06,"l",34.379,-118.712,14.4,"A",3142595,144,0
"275730",2047,"1994/01/19","21:11:44.90","le",5.07,"l",34.378,-118.619,11.3,"A",3142597,104,0
"276444",2761,"1994/01/21","18:39:15.26","le",4.53,"l",34.301,-118.466,10.6,"A",3145627,159,0
"276843",3160,"1994/01/22","22:54:10.66","le",4.64,"c",34.393,-118.568,7.6,"A",3187383,12,0
"277194",3511,"1994/01/24","04:15:18.82","le",4.59,"l",34.347,-118.552,6.5,"A",3145150,174,0
"278047",4364,"1994/01/27","17:19:58.83","le",4.57,"l",34.273,-118.563,14.9,"A",3146628,146,0
"278415",4732,"1994/01/29","11:20:35.97","le",5.06,"l",34.306,-118.579,1.1,"A",3147406,134,0
"283934",10251,"1994/03/20","21:20:12.26","le",5.24,"l",34.231,-118.475,13.1,"A",3159411,176,0
"285303",11620,"1994/04/06","19:01:04.06","le",4.78,"l",34.192,-117.095,7.3,"A",3162132,190,0
"290119",16436,"1994/06/16","16:24:27.52","le",4.97,"l",34.268,-116.402,3.4,"A",3172554,99,0
"293028",19345,"1994/08/01","21:34:31.12","le",4.85,"l",34.64,-116.517,9.2,"A",3178681,128,0
"293537",19854,"1994/08/11","02:22:53.52","le",4.63,"l",32.342,-115.28,6,"C",3180000,59,0
"300454",26771,"1994/12/06","03:48:34.49","le",4.54,"l",34.293,-118.389,9,"A",3195727,167,0
"301249",27566,"1994/12/20","10:27:47.79","re",4.88,"l",35.912,-120.476,14,"B",3197468,100,0
"306958",5033,"1995/04/23","08:41:36.60","re",4.6,"s",36.603,-121.201,7,"C",3210741,88,0
"307552",5627,"1995/05/07","11:03:33.04","le",4.77,"l",33.905,-116.288,10.7,"A",3212249,171,0
"309866",7941,"1995/06/26","08:40:28.94","le",5.02,"l",34.394,-118.669,13.3,"A",3217586,187,0
"312334",10409,"1995/08/17","22:39:58.99","le",5.36,"l",35.776,-117.662,5.6,"A",3225143,156,0
"316398",14473,"1995/09/20","23:27:36.27","le",5.75,"l",35.761,-117.638,5.4,"A",3231786,147,0
"317744",15819,"1995/09/25","04:47:29.18","le",4.9,"l",35.809,-117.616,9.4,"A",3233618,163,0
"327297",383,"1996/01/07","14:32:53.02","le",5.17,"l",35.761,-117.646,4,"A",3248846,126,0
"343863",16949,"1996/11/27","20:17:24.11","le",5.3,"w",36.075,-117.65,1.2,"A",7050470,131,0
"350450",3663,"1997/03/18","15:24:47.72","le",5.26,"l",34.971,-116.819,1.7,"A",7062511,181,0
"352173",5386,"1997/04/26","10:37:30.67","le",5.07,"l",34.369,-118.67,16.4,"A",9008753,183,0
"352306",5519,"1997/04/27","11:09:28.38","le",4.92,"l",34.377,-118.649,15.2,"A",9008934,174,0
"354613",7826,"1997/06/20","04:35:40.52","le",4.76,"l",32.681,-118.109,6,"C",9013612,129,0
"354624",7837,"1997/06/20","08:04:13.62","le",4.53,"l",32.626,-118.151,6,"C",9013640,120,0
"356262",9475,"1997/07/26","03:14:55.91","le",4.89,"l",33.398,-116.349,12.2,"A",9017527,163,0
"364216",2108,"1998/03/06","05:47:40.34","le",5.23,"l",36.067,-117.638,1.8,"A",9044494,145,0
"364217",2109,"1998/03/06","05:49:43.76","le",4.85,"l",36.061,-117.63,0.9,"A",3298168,51,0
"364451",2343,"1998/03/07","00:36:46.84","le",5.04,"l",36.076,-117.618,1.7,"A",9045109,146,0
"364452",2344,"1998/03/07","00:37:44.40","le",4.8,"l",36.074,-117.623,0,"A",3298191,16,0
"369653",7545,"1998/07/02","03:39:50.45","le",4.75,"l",36.945,-117.525,6,"C",9058934,46,0
"371231",9123,"1998/08/16","13:34:40.23","le",4.78,"l",34.121,-116.928,6.2,"A",9064093,161,0
"372860",10752,"1998/10/01","18:18:15.96","le",4.63,"l",34.111,-116.92,4.4,"A",7112721,150,0
"373634",11526,"1998/10/27","01:08:40.65","le",4.82,"l",34.323,-116.844,5.9,"A",9069997,173,0
"379564",3901,"1999/05/14","07:54:03.19","le",4.93,"l",34.062,-116.366,1.9,"A",9086596,134,0
"380403",4740,"1999/06/01","15:18:02.67","le",4.92,"l",32.379,-115.243,6,"C",9090222,48,0
"383685",8022,"1999/09/10","13:40:02.18","le",4.8,"l",32.272,-115.233,6,"C",9104506,49,0
"385003",9340,"1999/10/16","09:46:44.13","le",7.1,"w",34.594,-116.271,0,"A",9108652,55,0
"385004",9341,"1999/10/16","09:47:43.76","le",4.7,"h",33.232,-115.66,6,"D",3327063,11,0
"385006",9343,"1999/10/16","09:51:48.33","le",4.77,"l",34.445,-116.264,0.3,"A",3320846,51,0
"385008",9345,"1999/10/16","09:52:53.97","le",4.98,"l",34.502,-116.203,6,"C",3320847,22,0
"385017",9354,"1999/10/16","09:59:35.39","le",5.77,"l",34.678,-116.29,15.3,"A",3320848,70,0
"385023",9360,"1999/10/16","10:08:04.37","le",4.74,"l",34.706,-116.341,1.6,"A",9108676,38,0
"385034",9371,"1999/10/16","10:20:52.66","le",4.76,"l",34.362,-116.148,0.1,"A",9108709,56,0
"385071",9408,"1999/10/16","11:26:05.38","le",4.63,"l",34.813,-116.341,6,"D",9108775,34,0
"385107",9444,"1999/10/16","12:57:21.06","le",5.37,"w",34.441,-116.252,2,"A",3320736,63,0
"385255",9592,"1999/10/16","17:38:48.65","le",4.58,"w",34.43,-116.252,0,"A",9109254,92,0
"385328",9665,"1999/10/16","20:13:37.64","le",4.64,"l",34.689,-116.28,1.3,"A",9109442,75,0
"385329",9666,"1999/10/16","20:14:10.17","le",4.53,"l",34.686,-116.269,0,"A",3321577,21,0
"385409",9746,"1999/10/16","22:53:41.27","le",4.53,"l",34.708,-116.356,6,"C",9109636,82,0
"386039",10376,"1999/10/18","06:35:47.36","le",4.59,"l",34.359,-116.149,0,"A",9111353,80,0
"387225",11562,"1999/10/21","01:54:06.64","le",4.99,"w",34.867,-116.393,4,"A",3320883,49,0
"387226",11563,"1999/10/21","01:54:29.20","le",4.98,"w",34.86,-116.404,0.4,"B",3321595,18,0
"387227",11564,"1999/10/21","01:54:34.17","le",4.98,"w",34.874,-116.391,1,"A",3321590,56,0
"387228",11565,"1999/10/21","01:57:38.77","le",4.51,"w",34.863,-116.395,3.5,"A",3320884,116,0
"387707",12044,"1999/10/22","16:08:48.05","le",4.99,"w",34.865,-116.409,0.9,"A",9114812,140,0
"388523",12860,"1999/10/25","18:26:00.63","le",4.63,"l",34.617,-116.243,0.3,"A",3321011,59,0
"404558",7877,"2000/05/02","06:45:45.04","le",4.73,"w",32.111,-115.119,6,"C",9149178,45,0
"407244",10563,"2000/06/14","21:49:18.71","le",4.51,"l",32.89,-115.509,10,"C",9154141,40,0
"407966",11285,"2000/06/26","15:43:07.55","le",4.51,"l",34.782,-116.297,4.3,"A",9155518,92,0
"418485",1434,"2001/02/10","21:05:05.78","le",4.66,"w",34.289,-116.946,9.1,"A",9627721,249,0
"424636",7585,"2001/07/17","12:07:26.10","le",5.17,"w",36.016,-117.874,3,"A",9674049,106,0
"424703",7652,"2001/07/17","12:59:59.17","le",4.93,"w",36.017,-117.882,0.4,"A",9674213,189,0
"432673",15622,"2001/10/31","07:56:16.63","le",5.02,"w",33.508,-116.514,15.2,"A",9718013,116,0
"434487",17436,"2001/12/09","01:42:26.45","le",4.89,"l",32.004,-115.01,7.1,"C",9732973,20,0
"437043",1848,"2002/02/22","19:32:41.75","le",5.7,"w",32.319,-115.322,7,"C",12456384,32,0
"438370",3175,"2002/03/16","21:33:23.82","le",4.6,"l",33.666,-119.33,7,"C",12659440,75,0
"440023",4828,"2002/05/14","05:00:26.12","re",5,"w",36.926,-121.822,0,"D",13075448,52,0
"440946",5751,"2002/06/14","12:40:45.36","le",4.58,"w",36.716,-116.293,9.9,"B",13657604,34,0
"443472",8277,"2002/09/03","07:08:51.87","le",4.75,"l",33.917,-117.776,12.9,"A",9818433,245,0
"445218",10023,"2002/10/29","14:16:54.08","le",4.77,"l",34.803,-116.266,4.6,"A",9854597,57,0
"446493",11298,"2002/12/10","21:04:00.69","le",4.84,"l",32.232,-115.798,7,"C",13917260,54,0
"447972",915,"2003/01/25","09:16:10.22","le",4.54,"l",35.318,-118.654,5.6,"C",9882329,100,0
"448970",1913,"2003/02/22","12:19:10.58","le",4.99,"w",34.31,-116.848,1.2,"A",13935988,202,0
"449391",2334,"2003/02/25","04:03:04.80","le",4.61,"l",34.316,-116.844,2.7,"A",13938812,230,0
"450165",3108,"2003/03/11","19:28:17.91","le",4.64,"l",34.359,-116.133,3.9,"A",13945908,153,0
"458152",11095,"2003/12/22","19:15:56.76","re",6.48,"w",35.709,-121.104,7,"C",9966449,15,0
"458154",11097,"2003/12/22","19:53:30.20","re",4.69,"l",35.651,-121.072,7,"C",9966477,10,0
"458268",11211,"2003/12/23","18:17:11.75","re",4.63,"l",35.649,-121.066,5.6,"C",9967901,11,0
"464288",5685,"2004/06/15","22:28:48.16","le",4.98,"w",32.329,-117.918,10,"C",14065544,100,0
"467192",8589,"2004/08/30","04:30:57.07","re",4.61,"l",36.493,-121.313,5.9,"D",14088052,89,0
"468127",9524,"2004/09/28","17:15:25.09","re",6,"w",35.812,-120.379,5.5,"C",14094992,185,0
"468128",9525,"2004/09/28","17:24:15.40","re",4.91,"l",35.797,-120.36,0,"A",14094996,103,0
"468173",9570,"2004/09/29","17:10:04.96","re",5.04,"w",35.886,-120.506,0,"D",14095540,179,0
"468182",9579,"2004/09/29","22:54:54.24","le",5.03,"w",35.39,-118.624,3.5,"A",14095628,246,0
"468287",9684,"2004/09/30","18:54:30.28","re",4.89,"w",35.912,-120.533,2.2,"D",14096196,179,0
"470091",11488,"2004/11/29","01:54:14.30","re",4.59,"l",35.996,-120.515,9.2,"B",10063349,149,0
"473519",2640,"2005/04/16","19:18:13.55","le",4.59,"w",35.027,-119.178,10.3,"A",14138080,292,0
"474617",3738,"2005/05/16","07:24:38.07","re",4.65,"l",35.889,-120.475,0.3,"D",10100053,163,0
"475423",4544,"2005/06/12","15:41:46.54","le",5.2,"w",33.529,-116.573,14.2,"A",14151344,296,0
"476189",5310,"2005/06/16","20:53:26.02","le",4.88,"w",34.058,-117.011,11.6,"A",14155260,326,0
"479367",8488,"2005/08/31","22:47:45.64","le",4.59,"l",33.165,-115.636,4,"C",14178184,37,0
"479797",8918,"2005/09/02","01:27:19.81","le",5.11,"w",33.16,-115.637,9.8,"A",14179736,58,0
"481061",10182,"2005/09/22","20:24:48.62","le",4.69,"w",35.043,-119.014,11,"A",14186612,208,0
"482005",11126,"2005/10/16","21:11:35.01","le",4.99,"l",32.455,-118.163,10,"C",10147909,129,0
"488261",4159,"2006/05/24","04:20:26.01","le",5.37,"w",32.307,-115.228,6,"C",12245763,29,0
"493622",9520,"2006/11/03","15:56:43.05","le",4.62,"l",32.676,-116.048,13.7,"A",10215753,119,0
"502129",6829,"2007/08/09","07:58:49.59","le",4.66,"l",34.3,-118.62,7.6,"A",14312160,303,0
"503056",7756,"2007/09/02","17:29:14.79","le",4.73,"l",33.732,-117.477,12.6,"A",10275733,352,0
"507845",1057,"2008/02/09","07:12:04.55","le",5.1,"w",32.359,-115.277,6,"D",14346868,201,0
"508162",1374,"2008/02/11","18:29:30.53","le",5.1,"w",32.327,-115.257,6,"C",14348196,91,0
"508266",1478,"2008/02/12","04:32:39.24","le",4.97,"w",32.447,-115.317,6,"C",14348588,63,0
"508824",2036,"2008/02/19","22:41:29.66","le",5.01,"w",32.432,-115.313,6,"C",14351140,54,0
"508864",2076,"2008/02/20","01:28:55.45","le",4.83,"l",32.426,-115.306,6,"C",14351300,62,0
"509013",2225,"2008/02/22","19:31:18.48","le",4.78,"l",32.421,-115.285,6,"C",14352012,66,0
"509014",2226,"2008/02/22","19:33:52.14","le",4.58,"l",32.39,-115.27,6,"C",12330895,49,0
"514969",8181,"2008/07/29","18:42:15.71","le",5.39,"w",33.953,-117.761,14.7,"A",14383980,366,0
"516332",9544,"2008/09/05","21:54:33.59","le",4.63,"l",32.347,-115.23,15,"C",10347253,76,0
"519040",12252,"2008/11/20","19:23:00.19","le",4.98,"l",32.329,-115.332,6,"C",14404512,103,0
"519822",13034,"2008/12/06","04:18:42.85","le",5.06,"w",34.813,-116.419,7.3,"A",14408052,298,0
"520759",13971,"2008/12/28","05:17:07.47","le",4.52,"l",32.568,-115.543,10,"C",10368325,99,0
"523795",2917,"2009/03/24","11:55:43.93","le",4.77,"l",33.317,-115.728,6,"A",14433456,144,0
"526457",5579,"2009/05/18","03:39:36.34","le",4.7,"w",33.938,-118.336,13.9,"A",10410337,294,0
"526712",5834,"2009/05/23","22:58:32.94","le",4.73,"l",36.396,-117.838,1.1,"A",14462064,212,0
"531681",10803,"2009/09/19","22:55:17.84","le",5.08,"w",32.371,-115.261,10,"C",14512436,105,0
"532234",11356,"2009/10/01","10:01:24.67","le",5,"w",36.388,-117.859,5.6,"C",14517500,94,0
"532488",11610,"2009/10/03","01:09:19.14","le",4.74,"l",36.391,-117.864,2.5,"A",14519756,66,0
"532489",11611,"2009/10/03","01:10:26.10","le",4.85,"l",36.386,-117.868,3.6,"C",14519764,57,0
"532491",11613,"2009/10/03","01:16:00.31","le",5.19,"w",36.391,-117.861,0,"A",14519780,73,0
"532598",11720,"2009/10/03","05:31:57.72","le",4.66,"l",36.39,-117.864,1.9,"A",14520476,81,0
"535244",14366,"2009/11/16","21:21:30.63","le",4.6,"l",35.548,-117.275,2.2,"A",10497821,235,0
"537493",16615,"2009/12/30","18:48:57.33","le",5.8,"w",32.464,-115.189,6,"C",14565620,116,0
"537495",16617,"2009/12/30","18:53:23.96","le",4.77,"l",32.532,-115.208,6,"C",14565636,30,0
"542080",4422,"2010/04/04","22:40:42.36","le",7.2,"w",32.286,-115.295,10,"C",14607652,11,0
"542081",4423,"2010/04/04","22:43:00.43","le",5.26,"l",32.453,-115.632,10,"C",10184394,24,0
"542089",4431,"2010/04/04","22:50:17.12","le",5.7,"w",32.099,-115.048,10,"C",31957759,16,0
"542101",4443,"2010/04/04","23:09:40.11","le",4.79,"l",32.204,-115.333,10,"C",14607820,26,0
"542105",4447,"2010/04/04","23:15:14.24","le",5.43,"w",32.3,-115.26,10,"C",14607836,16,0
"542106",4448,"2010/04/04","23:17:13.08","le",4.56,"l",32.221,-115.291,10,"C",10169094,11,0
"542116",4458,"2010/04/04","23:25:07.19","le",5.38,"w",32.266,-115.293,10,"C",14607924,56,0
"542122",4464,"2010/04/04","23:37:33.49","le",4.7,"l",32.462,-115.598,10,"C",14607972,44,0
"542242",4584,"2010/04/05","01:25:34.67","le",4.64,"w",32.145,-115.115,10,"C",30213759,28,0
"542273",4615,"2010/04/05","01:52:25.42","le",4.68,"l",32.593,-115.773,4.1,"A",14608980,64,0
"542324",4666,"2010/04/05","02:47:27.41","le",4.51,"l",32.285,-115.302,10,"C",30389759,22,0
"542354",4696,"2010/04/05","03:15:24.77","le",4.96,"l",32.647,-115.805,1.3,"A",14609660,119,0
"542825",5167,"2010/04/05","11:14:14.89","le",4.93,"w",32.664,-115.809,13.7,"A",14612516,127,0
"542993",5335,"2010/04/05","13:33:05.36","le",4.73,"w",32.64,-115.802,0,"A",14613212,119,0
"543604",5946,"2010/04/06","01:23:00.82","le",4.51,"l",32.215,-115.072,10,"C",14616380,8,0
"543741",6083,"2010/04/06","04:12:21.26","le",4.56,"l",32.594,-115.774,4,"A",14617100,54,0
"544096",6438,"2010/04/06","10:06:37.75","le",4.51,"l",32.665,-115.811,1.8,"A",14618772,56,0
"545994",8336,"2010/04/08","02:47:57.00","le",4.52,"l",32.687,-115.755,4.2,"A",10585381,64,0
"546769",9111,"2010/04/08","16:44:25.01","le",5.29,"w",32.165,-115.268,10,"C",10589037,45,0
"548089",10431,"2010/04/09","23:05:42.00","le",4.7,"w",32.182,-115.245,12.8,"B",10595133,54,0
"548784",11126,"2010/04/11","16:42:03.35","le",4.61,"l",32.278,-115.32,28.7,"A",10602453,50,0
"549705",12047,"2010/04/15","10:20:47.22","le",4.85,"l",32.069,-115.045,13,"B",10612285,36,0
"551618",13960,"2010/04/22","14:22:03.39","le",4.6,"l",32.67,-115.807,5,"A",10629213,123,0
"551669",14011,"2010/04/22","17:12:13.05","le",4.63,"l",32.66,-115.808,5.3,"A",10629477,127,0
"553067",15409,"2010/04/27","10:55:35.72","le",4.83,"l",32.692,-115.847,3.3,"A",14682004,139,0
"554506",16848,"2010/05/04","11:26:32.05","le",4.68,"l",32.264,-115.287,14.7,"B",14692836,59,0
"555407",17749,"2010/05/08","18:33:10.75","le",4.8,"w",32.681,-115.797,6,"C",10657533,77,0
"555413",17755,"2010/05/08","18:46:27.46","le",4.68,"w",32.675,-115.81,2.4,"A",10657549,48,0
"556578",18920,"2010/05/15","08:38:54.37","le",4.52,"l",32.181,-115.254,19.6,"B",10667013,30,0
"557217",19559,"2010/05/19","00:38:59.81","le",4.53,"w",32.664,-115.826,8.9,"A",10671989,53,0
"557865",20207,"2010/05/22","17:30:58.17","le",4.9,"w",32.616,-115.757,8.1,"A",14718756,45,0
"557866",20208,"2010/05/22","17:33:17.90","le",4.88,"l",32.622,-115.771,4.7,"A",14718764,39,0
"560776",23118,"2010/06/13","03:08:57.09","le",4.9,"l",33.383,-116.416,12.5,"A",10701405,170,0
"561015",23357,"2010/06/14","07:02:26.83","le",4.7,"l",32.172,-115.313,10,"C",10703133,33,0
"561120",23462,"2010/06/15","04:26:58.48","le",5.72,"w",32.7,-115.921,5.4,"A",14745580,109,0
"561169",23511,"2010/06/15","04:59:45.53","le",4.61,"l",32.7,-115.95,10.7,"A",14745932,95,0
"564852",27194,"2010/07/07","23:53:33.53","le",5.43,"w",33.42,-116.489,14,"A",10736069,154,0
"571356",33698,"2010/09/14","10:52:18.00","le",4.96,"w",32.048,-115.198,10,"C",10798005,72,0
"571433",33775,"2010/09/15","06:09:53.38","le",4.79,"l",32.165,-115.247,13.8,"B",10798845,27,0
"571774",34116,"2010/09/20","00:30:02.40","le",4.75,"w",32.026,-115.108,10,"C",14844244,26,0
"574284",36626,"2010/11/04","19:39:59.55","le",4.57,"l",32.864,-115.997,13.4,"A",10832573,151,0
"576162",38504,"2010/12/11","12:52:26.31","le",4.87,"l",32.163,-115.264,13.1,"B",14895612,41,0
"579526",2292,"2011/02/18","17:47:35.77","le",5.07,"w",32.047,-115.062,15,"C",14937372,63,0
"594624",1807,"2012/02/14","10:09:28.44","le",4.87,"w",32.199,-115.209,10,"C",11066877,28,0
"600532",7715,"2012/07/01","03:25:20.45","le",4.64,"w",32.207,-115.343,3.2,"C",11129826,18,0
"600541",7724,"2012/07/01","06:36:06.35","le",4.65,"w",32.213,-115.289,10,"C",11129914,16,0
"602951",10134,"2012/08/26","19:20:04.81","le",4.59,"w",33.016,-115.536,4.7,"A",15199593,27,0
"602964",10147,"2012/08/26","19:31:23.04","le",5.32,"w",33.017,-115.554,8.3,"A",15199681,94,0
"602965",10148,"2012/08/26","19:33:01.09","le",4.89,"w",33.014,-115.559,4.3,"A",15199689,56,0
"603049",10232,"2012/08/26","20:57:58.22","le",5.44,"w",33.019,-115.54,8.2,"A",15200401,56,0
"603188",10371,"2012/08/26","23:33:25.13","le",4.61,"w",33.028,-115.531,7.4,"A",15201537,98,0
"603353",10536,"2012/08/27","04:41:37.00","le",4.9,"w",33.021,-115.519,4.1,"A",15202921,47,0
"606331",13514,"2012/10/21","06:55:09.93","re",5.3,"h",36.324,-120.847,15.8,"C",15233041,53,0
"612638",2629,"2013/03/11","16:56:06.04","le",4.7,"h",33.502,-116.457,13.1,"A",15296281,141,0
"618341",8332,"2013/05/29","14:38:03.27","le",4.8,"w",34.413,-119.926,8,"A",15350729,39,0
